ID,price
7000,46.33514726202407
7001,108.85382618376445
7002,145.1079087343497
7003,122.12716122004356
7004,65.21400613476092
7005,527.0794776094775
7006,60.14325643738978
7007,258.47876390347574
7008,67.36613651816593
7009,148.95761696953767
7010,111.00380624472146
7011,380.99120202605343
7012,56.91190476190477
7013,271.1140757806415
7014,43.57017213779128
7015,707.8702222222223
7016,624.0814533039533
7017,245.0505044404878
7018,186.73768607221237
7019,74.83561496263552
7020,126.32745021750425
7021,782.3626666666667
7022,106.85792982456141
7023,1078.3866666666668
7024,202.55604512903867
7025,191.95809330268267
7026,61.23068518518519
7027,235.28301037604314
7028,52.88508750938164
7029,152.40089630833418
7030,150.34771088531232
7031,264.5532403091918
7032,87.24405927279331
7033,181.6064380221617
7034,325.51616931216927
7035,525.0980392156863
7036,117.55621396993811
7037,142.63987235796972
7038,88.9375574962193
7039,253.76165732959848
7040,174.19256977192666
7041,47.989509571900115
7042,104.41297713459917
7043,358.08248412698407
7044,128.4198833038128
7045,177.61565724867728
7046,241.14552558523735
7047,121.76713250517598
7048,234.22373562206064
7049,108.71412933958885
7050,157.72343644408022
7051,249.81291754913806
7052,58.34626215826216
7053,50.47367335720814
7054,235.43517953073965
7055,42.38742376512758
7056,1140.2133333333334
7057,121.74958909562488
7058,571.7739326599327
7059,77.41739914406705
7060,214.80439393939395
7061,114.91257441127027
7062,84.24279862336812
7063,133.43288338001796
7064,301.354307481125
7065,309.17845478595484
7066,254.80279664997306
7067,147.03582401941964
7068,140.38978235709212
7069,117.43737676328824
7070,197.90397470033272
7071,73.29096244257704
7072,221.31957595605826
7073,171.48415836268185
7074,182.16296144582455
7075,78.56406543309583
7076,70.51642439431913
7077,569.2388461538461
7078,340.75944444444445
7079,141.8744721346762
7080,467.569814105972
7081,247.44847619047616
7082,395.23751434140905
7083,66.01996736596737
7084,129.74341625958715
7085,138.10581891028986
7086,1389.94
7087,307.7091548407546
7088,144.30244344604918
7089,116.40704612537219
7090,218.03323997826706
7091,220.7779952918323
7092,115.03248778831221
7093,301.1340107022712
7094,335.69837570529165
7095,364.65162515262523
7096,356.444253968254
7097,76.67383579396864
7098,725.8666666666667
7099,140.4771957653258
7100,482.6998174603175
7101,166.21039830525456
7102,43.96129990662932
7103,139.82400382552404
7104,189.39410718674606
7105,291.0434349093173
7106,233.35821058940812
7107,69.72372324482686
7108,78.85312889990057
7109,138.1049696969697
7110,140.55796022344578
7111,119.76652087475154
7112,65.91171215408643
7113,78.77756141954096
7114,444.62349567099574
7115,176.3906935604941
7116,398.8295684507999
7117,157.96296973566984
7118,55.949040895025114
7119,48.67877179489198
7120,77.56640860702599
7121,76.59628079243078
7122,152.64159166357769
7123,61.13700311235605
7124,167.4465509201226
7125,67.12793949480601
7126,64.38185671626348
7127,55.609644751609665
7128,216.84241798941798
7129,284.2266666666667
7130,153.94686466165413
7131,174.09202285714284
7132,360.86862345679015
7133,462.7210805860806
7134,137.4903755682824
7135,76.74216804410038
7136,189.51229297131135
7137,172.909088949349
7138,94.43340912401577
7139,134.28981109104606
7140,175.6522187968532
7141,191.9336512210545
7142,72.48664574420394
7143,65.91203670242798
7144,449.45454003385964
7145,223.68119775677255
7146,709.4384656084655
7147,69.61816875424091
7148,147.78698013710317
7149,53.933301587301585
7150,132.35790306817546
7151,200.9673072591284
7152,609.37
7153,431.45773272637916
7154,140.12887120579225
7155,213.0823546645989
7156,218.9204757260747
7157,279.0169740542682
7158,365.31634347134343
7159,206.93566137566137
7160,189.56049831649827
7161,160.51688529424047
7162,103.08404273123391
7163,77.78227674350262
7164,145.12533294012536
7165,66.7111120445727
7166,56.525508205451246
7167,60.583247207961925
7168,210.75747357571788
7169,140.0465754242189
7170,65.38713286409315
7171,1102.8527272727272
7172,59.42094691293312
7173,129.73720083849483
7174,70.34323988906645
7175,147.41136528224698
7176,120.30070600004197
7177,52.91756142745197
7178,63.80107051112251
7179,53.14706439122814
7180,260.6855145311479
7181,78.26934270800471
7182,178.54445966498605
7183,165.5338918128655
7184,73.02078335760194
7185,255.52470343003097
7186,65.66579275402961
7187,58.63984960718294
7188,180.32461591380357
7189,248.44183174603174
7190,546.9314332464332
7191,148.20480947238076
7192,673.7970370370371
7193,106.47436575302513
7194,114.91424228721378
7195,127.27111081827769
7196,629.573036036036
7197,862.1759903381643
7198,1947.88
7199,168.70663251126174
7200,68.95108877803963
7201,233.5417397548947
7202,214.37815099700316
7203,342.98100732600733
7204,901.46
7205,185.1217023320112
7206,68.17946098115317
7207,73.83449236874237
7208,109.00584920634923
7209,140.63080707080022
7210,69.46805895376839
7211,125.74609295820119
7212,85.95416068142383
7213,222.47397992138556
7214,175.39588555888554
7215,305.89250845302456
7216,61.963769319900734
7217,76.47863844636629
7218,527.3282351391299
7219,187.64337418332113
7220,107.62677426444179
7221,608.8757248677248
7222,156.376427744648
7223,434.5004761904762
7224,339.3433051146219
7225,259.49537915725386
7226,297.77494097014096
7227,209.86413201305646
7228,356.0132375595419
7229,69.93849223448892
7230,117.29787578148779
7231,68.39788612194401
7232,56.41044897005682
7233,211.89862759903457
7234,246.4158800092198
7235,72.48826408173093
7236,249.03199637869722
7237,1149.1933333333334
7238,326.15954144056263
7239,377.25343039591314
7240,187.00264963669812
7241,136.12088645570068
7242,48.451211604841475
7243,59.711234155558
7244,70.8443265044214
7245,61.68554198661862
7246,194.02871799621946
7247,89.78222222222222
7248,170.6116216617678
7249,132.8764062843247
7250,107.1883685415029
7251,433.08333135374664
7252,71.48694529326882
7253,151.01666173124696
7254,198.82785650886586
7255,73.91354469742758
7256,185.76592644440015
7257,364.2297222222222
7258,94.13996148843609
7259,72.8475212850968
7260,539.6555381183431
7261,144.33416418605387
7262,254.26469837841898
7263,82.6207985832014
7264,194.25250144831526
7265,268.06648370010674
7266,665.9952222222223
7267,192.66187042208043
7268,84.20586937235173
7269,206.26380968629192
7270,182.90092482486753
7271,172.17079228070176
7272,76.98682216690354
7273,77.62104575163399
7274,73.41030223850224
7275,145.2319363459134
7276,1015.9466666666667
7277,56.51056747930432
7278,312.25102339181285
7279,633.4927058823529
7280,205.14196078431374
7281,239.3084800078289
7282,210.13535958674956
7283,67.48625691422733
7284,166.81584179153876
7285,1003.8827272727273
7286,141.57117850040143
7287,229.98314876896723
7288,63.73782071632071
7289,73.9032682194303
7290,75.40932294200906
7291,67.32367027749741
7292,1599.92
7293,126.88973548552303
7294,165.71822417161968
7295,310.38524331801233
7296,158.58051834148895
7297,300.30092355889724
7298,637.928
7299,150.86821287822727
7300,518.0064503089503
7301,164.763761687296
7302,214.20955555555557
7303,208.43753034547152
7304,119.23408337137344
7305,814.8166666666667
7306,127.25795151418177
7307,298.1145072463768
7308,63.80690919184154
7309,87.62630738705738
7310,154.47003652788314
7311,431.2641701647796
7312,140.08477247283943
7313,519.6733086406244
7314,179.28376487517173
7315,141.62012194434416
7316,85.56680022241629
7317,64.28977712232623
7318,66.67104498654498
7319,201.6074849991605
7320,52.98382251082251
7321,919.0656111111111
7322,190.70928786809134
7323,470.5237407407407
7324,105.5391897072226
7325,166.7273683364874
7326,78.57892063492064
7327,1022.2866666666666
7328,78.15207094050265
7329,144.16519736842105
7330,61.64699097599716
7331,357.19250000000005
7332,254.51011593607575
7333,242.01162479660087
7334,642.7266666666667
7335,1356.6066666666666
7336,204.63113696228092
7337,77.87651528780651
7338,65.84256844021996
7339,69.60647300684843
7340,216.2942648223274
7341,200.16036832134594
7342,214.9229096905231
7343,228.610855398352
7344,144.80879722268966
7345,215.28079875346
7346,477.4389336589336
7347,62.506436876504985
7348,242.08139031339024
7349,388.82215466015464
7350,74.51941038410602
7351,59.690161375661376
7352,179.20527272625748
7353,154.20461660125662
7354,358.2308062926925
7355,93.18940837741549
7356,82.60574751305496
7357,129.86286307906616
7358,119.71125847626354
7359,225.30592514783686
7360,379.0288253968255
7361,193.52238267536273
7362,125.33273699157512
7363,61.43544882774356
7364,108.7119799315076
7365,581.791943833944
7366,65.17789445352402
7367,170.07204698494272
7368,243.86615571975918
7369,365.07319896640826
7370,171.9490061050061
7371,254.75944223553768
7372,60.82220512820515
7373,972.46
7374,188.06615014584688
7375,378.63155555555556
7376,144.3531828918145
7377,216.52188393741338
7378,126.23891730832725
7379,130.42503769257632
7380,64.05215679489594
7381,147.2241579331552
7382,76.96396552625079
7383,869.3333333333334
7384,310.05547008547006
7385,215.45898992974767
7386,144.34784376419222
7387,83.0763504827755
7388,88.3229505850187
7389,169.4469575315752
7390,250.54249687812185
7391,161.3740603840604
7392,108.67421603442548
7393,58.38861918334893
7394,181.79633008171166
7395,80.14345796863262
7396,62.3209869635232
7397,119.57869472916612
7398,361.99185388127853
7399,61.313006044293274
7400,73.44802715299522
7401,174.9914405190531
7402,72.69282622595179
7403,158.41419597667397
7404,219.67185579476518
7405,238.88604164534084
7406,70.26480649609957
7407,85.05728884711779
7408,92.47335058543025
7409,951.9080000000001
7410,74.52194308788015
7411,206.8669560219169
7412,64.82813488618662
7413,159.01938335275867
7414,451.1718297258297
7415,66.16292334633309
7416,57.23414986099403
7417,110.15596146637787
7418,193.7309709502582
7419,138.00459634617232
7420,68.24395955990259
7421,103.80413380371219
7422,207.72347566437563
7423,135.48828014061536
7424,88.79503669063654
7425,69.13980331457095
7426,71.98598100401585
7427,75.15761390496876
7428,118.24474013769093
7429,74.19754681967954
7430,191.63991728007082
7431,171.2969746468527
7432,141.22081160825306
7433,69.82741585266585
7434,212.9326065688169
7435,589.8359649122807
7436,65.31401573145051
7437,73.83451405752612
7438,225.01232521600497
7439,1214.32
7440,240.40246191423094
7441,97.49691926657539
7442,240.79833333333335
7443,59.87559616199212
7444,1507.17
7445,79.97528419358419
7446,143.26112708654716
7447,117.19470225442834
7448,68.56846074462666
7449,157.88654224320115
7450,50.74911699655121
7451,120.12937216508664
7452,78.73553776437986
7453,220.3512667980139
7454,497.0438036168036
7455,150.43477479080224
7456,77.46670781562621
7457,198.02150324249234
7458,207.01545382568133
7459,151.1667299230989
7460,213.19448276484073
7461,44.674763932313134
7462,181.02143737067792
7463,191.204986425906
7464,86.72913214109158
7465,134.1842023809524
7466,298.5613682785776
7467,204.22916781088813
7468,70.14421813182125
7469,103.39947559680667
7470,585.3346491228071
7471,174.01749675108542
7472,70.1261006266318
7473,184.7909232229207
7474,1108.64
7475,427.557
7476,89.3344922531813
7477,210.4735712226078
7478,89.13428571428571
7479,46.51008699151055
7480,147.15864691600066
7481,141.3108410395178
7482,523.0412698412698
7483,191.56219204480996
7484,144.27444631958932
7485,283.42899658265594
7486,73.73253773511063
7487,110.87948122085577
7488,232.35268794850194
7489,2126.12
7490,71.60843833943834
7491,66.3297688651218
7492,455.8659841269842
7493,673.5018499066292
7494,89.09456333955883
7495,46.18438946045903
7496,71.34676464148878
7497,65.60955112011699
7498,127.8951387140762
7499,96.90691493691492
7500,122.90523503896388
7501,134.3035648115888
7502,122.14952374266568
7503,53.92499238035269
7504,172.62444276711935
7505,145.78512908507517
7506,201.03621485756497
7507,111.06518632624078
7508,58.609377275053035
7509,645.5066666666667
7510,68.56178427150408
7511,544.6135555555555
7512,74.1442696874185
7513,176.24725934638622
7514,1461.5266666666666
7515,163.7126047596324
7516,57.476996904330235
7517,240.66331842231847
7518,416.8005876223926
7519,69.43544090424264
7520,65.69242732027223
7521,198.09936281003365
7522,204.74691938997822
7523,79.70353228698565
7524,71.04832956934474
7525,176.41932150925538
7526,253.93593009341112
7527,130.65148444467684
7528,80.99615431092624
7529,128.51933275203262
7530,146.7031924265353
7531,360.68469236258187
7532,144.38346381647972
7533,212.1767039164539
7534,162.32063514437945
7535,198.87087357013928
7536,59.78449875187454
7537,83.11265967726615
7538,261.093945124651
7539,393.9271737316738
7540,164.24016380363707
7541,125.01791021065071
7542,106.68788890014977
7543,135.86594609307667
7544,68.8793004566256
7545,197.76702671828966
7546,227.47214589504065
7547,99.89281123601812
7548,282.9986355218855
7549,73.09463822952786
7550,209.7203769365787
7551,84.24613244178235
7552,106.02206981435361
7553,64.05436856783568
7554,784.5133333333333
7555,299.0543015873016
7556,155.11483564587923
7557,63.23339278075838
7558,969.4474074074075
7559,69.20788888888889
7560,1477.9533333333334
7561,209.7578696705577
7562,85.29638997446372
7563,122.75119715956556
7564,68.3037969327476
7565,121.57345631130171
7566,142.90674862178085
7567,80.31914109347443
7568,150.7846230660178
7569,305.0333179577802
7570,78.13823896888269
7571,161.7218266886631
7572,132.25976588520558
7573,295.6605725244624
7574,2382.6466666666665
7575,62.24050135845311
7576,44.40056308013357
7577,374.84766666666667
7578,163.1952905800256
7579,65.6217241838376
7580,190.40873022234527
7581,1764.2866666666666
7582,358.05611111111114
7583,270.5228531746032
7584,180.7585185185185
7585,75.215126185484
7586,124.55533333333332
7587,864.375619047619
7588,69.6856289996709
7589,170.07491052878478
7590,272.1926665751033
7591,181.88271477294984
7592,697.5434259259258
7593,531.9853058167886
7594,69.82583673072111
7595,164.02451579338535
7596,79.39769662985968
7597,176.12278911624892
7598,341.8280634920635
7599,1412.1133333333332
7600,368.89041172962914
7601,159.81861234619902
7602,356.21223475647304
7603,187.83396055164965
7604,108.5185697394393
7605,55.08265531636993
7606,200.95508271875346
7607,172.29952055569697
7608,182.88893215093643
7609,69.00622080161573
7610,342.6208100775194
7611,60.594667672568136
7612,276.10781924466227
7613,69.89595502645503
7614,135.04553579149135
7615,118.04497169157816
7616,300.117997005547
7617,80.94461535538191
7618,126.76361814882665
7619,82.36133198726903
7620,190.84916131522937
7621,188.95191971474583
7622,183.11146832371523
7623,191.65599106721172
7624,82.19360253427338
7625,2161.306666666667
7626,571.4404444444444
7627,350.6771353874883
7628,123.56897113112845
7629,207.90659597558852
7630,166.9035243579923
7631,138.41035040252143
7632,151.32807416820626
7633,203.99395457091694
7634,151.00963417535078
7635,56.584741463701974
7636,65.75375914961458
7637,74.35443097358153
7638,170.92851417143632
7639,238.62523695012885
7640,133.85462680183517
7641,65.56605814569303
7642,205.92765993257092
7643,110.6029590328825
7644,1367.7666666666667
7645,70.09743997941057
7646,546.0957419188998
7647,322.0194109400643
7648,487.2581111111111
7649,435.2033333333334
7650,179.74758205764198
7651,999.4863333333334
7652,134.66501829391254
7653,87.01372836279647
7654,226.7342605823829
7655,108.5826955777065
7656,70.34712461168724
7657,208.21641769965103
7658,101.80165076474313
7659,80.67225438988172
7660,246.9118419755563
7661,1249.3066666666666
7662,232.49243673629434
7663,407.03164660150543
7664,185.96227367174515
7665,222.01125294110267
7666,332.2936231884058
7667,58.00859048370238
7668,64.86701566388523
7669,270.32851190476185
7670,1895.4666666666667
7671,305.5296798628103
7672,71.25304593699387
7673,79.85930284900286
7674,133.23299553992655
7675,61.931397670780015
7676,178.91891220972258
7677,232.41746153740343
7678,44.13711486254581
7679,226.50720768926777
7680,126.47854916532769
7681,221.46454661218996
7682,50.52810451212206
7683,69.4943817282385
7684,352.35748316498314
7685,54.849268013468006
7686,281.73194579795745
7687,65.77141666426603
7688,77.89084656084655
7689,138.08944905867668
7690,85.60907054707597
7691,370.4810252525253
7692,75.40253416151556
7693,209.51023689191888
7694,208.99793152901478
7695,166.63983731231733
7696,128.0051447767589
7697,242.86347674418604
7698,73.44461938161399
7699,207.21357450817914
7700,180.86593317280676
7701,58.38938464261417
7702,67.38651612703703
7703,159.94604687104774
7704,183.6807831520415
7705,93.10359963453786
7706,179.95262749881044
7707,138.14585768215738
7708,75.77667777279731
7709,111.85965401800927
7710,282.5489155855738
7711,539.7316883116883
7712,179.31576767998445
7713,60.77687574300293
7714,73.80331453846425
7715,69.31521877947745
7716,219.00834161761497
7717,50.234164285147266
7718,172.79874049725362
7719,220.08163783453537
7720,69.16997121903086
7721,121.01138194407035
7722,143.0716529604036
7723,151.90116170845187
7724,61.62028547648975
7725,63.58644330203261
7726,189.36577044884945
7727,254.6291085172138
7728,275.0484211871128
7729,285.3010299323155
7730,190.42667453961576
7731,135.11693787347895
7732,156.78347933413232
7733,95.64953412360869
7734,150.58782114423397
7735,284.06506823977367
7736,108.25832323232322
7737,93.10279100529101
7738,231.5401725637961
7739,317.6583982543553
7740,151.9731559442736
7741,74.76612208289954
7742,94.7134930274404
7743,603.8845767195767
7744,142.69925606309477
7745,708.0064285714286
7746,46.27229877392035
7747,277.7883953326367
7748,62.3000045880046
7749,1169.9066666666668
7750,220.1701021718522
7751,55.03458871720748
7752,140.52220107702544
7753,228.9382186627078
7754,176.32406903012279
7755,217.9555804195804
7756,93.38236268546268
7757,176.33725600275173
7758,226.55542617796706
7759,131.36190117037975
7760,57.97604733855573
7761,152.663275603036
7762,88.31009128926611
7763,172.5159535035911
7764,299.7661534391534
7765,230.06894785001674
7766,138.90583932657734
7767,67.09683769891257
7768,789.8175848059045
7769,178.3788441578413
7770,248.22888888888886
7771,210.26213204775578
7772,71.47641039411936
7773,282.11297847108193
7774,173.2616955836592
7775,407.23490572390574
7776,394.61156954156957
7777,50.445201058201064
7778,130.8403792743285
7779,197.6990264808186
7780,123.01597324318006
7781,236.5233841082618
7782,90.58757799501528
7783,120.69625974145754
7784,279.4383792502736
7785,225.01197674418606
7786,108.97949425151202
7787,211.80698632617433
7788,52.04735005783982
7789,62.546570417055726
7790,113.90473419086042
7791,74.42490476190476
7792,639.84
7793,60.17856460025088
7794,100.92369400245364
7795,204.45368867860535
7796,72.8872584184965
7797,254.73731216931216
7798,111.9740623528518
7799,244.97570286220343
7800,75.63373532629471
7801,213.0722611248955
7802,200.83146266696264
7803,165.52381653734747
7804,463.74121562508554
7805,128.9826928115449
7806,216.3561916015866
7807,101.52373012674532
7808,500.01244081844084
7809,132.30607722900015
7810,56.806337061087056
7811,378.6955836940837
7812,144.32446055271294
7813,140.49888593425874
7814,390.16
7815,185.1583925857424
7816,218.3508083164077
7817,141.18800583395935
7818,68.43329626466253
7819,68.13360395178451
7820,202.80269308996972
7821,975.0666666666667
7822,144.37276056560688
7823,143.12998735112956
7824,453.4933156812829
7825,343.61764341085274
7826,53.434186394233585
7827,163.598993069137
7828,141.4868514242273
7829,78.10620364714912
7830,212.9461027172884
7831,231.6509267758386
7832,134.68716234905378
7833,779.8238888888889
7834,134.805853419485
7835,154.26336899698742
7836,131.60136316893767
7837,71.77763760435619
7838,138.44313607714864
7839,154.86406391997457
7840,592.2162984749456
7841,500.87666666666655
7842,397.69452054794516
7843,92.48921028459938
7844,284.80397202597203
7845,208.25759692720035
7846,553.0845925925926
7847,63.73367570925806
7848,399.3897787235287
7849,200.30777267098463
7850,212.22098205285576
7851,53.81756040444669
7852,1477.3
7853,52.96290910505616
7854,571.2788444735504
7855,71.1864462576436
7856,158.96643887184138
7857,271.32270406494087
7858,274.5635925925926
7859,356.87308201058204
7860,173.2673136407964
7861,281.694595959596
7862,65.78777020983831
7863,222.58735847613434
7864,1339.64
7865,156.5823455801339
7866,78.64914469939582
7867,226.10105056462888
7868,599.4276698155645
7869,246.41469419851336
7870,106.33654895104895
7871,68.36449696883585
7872,95.2287013246643
7873,127.28605490107448
7874,287.0283333333333
7875,64.70287142857143
7876,173.2205993336729
7877,216.48642285248582
7878,251.9029772688803
7879,147.3498383729575
7880,1056.9
7881,65.6020165842836
7882,435.5449206349207
7883,703.9372222222222
7884,782.8
7885,336.6901403206403
7886,133.46987699505306
7887,190.94824143894982
7888,114.61166534911114
7889,76.74283175847756
7890,71.5494374397514
7891,79.26284709095962
7892,122.97357893276317
7893,236.58678934109363
7894,2393.5133333333333
7895,165.3198194029014
7896,59.875861714261724
7897,133.33428738123143
7898,75.77209877382869
7899,155.32639898082166
7900,219.49833825944165
7901,161.52326131532334
7902,253.18360365308064
7903,125.1813031639875
7904,54.24420337258018
7905,52.64594495011161
7906,129.49051785529252
7907,385.30357316332726
7908,228.08818638329117
7909,136.6932176767943
7910,66.64129568092228
7911,107.87366776007212
7912,73.46860625916388
7913,653.5789173789174
7914,276.89187658306986
7915,73.84584736535543
7916,66.20761506546621
7917,70.66723189921966
7918,68.1542700705504
7919,854.0666666666667
7920,74.39609605316129
7921,133.6702882925291
7922,57.215148742202786
7923,231.8093733940554
7924,77.10381808808476
7925,1524.9733333333334
7926,152.4196455068441
7927,68.78506574754198
7928,202.8328750147222
7929,216.12901054827827
7930,634.9235915915916
7931,316.49818751945224
7932,522.6343333333333
7933,182.39750542900777
7934,104.25389469060157
7935,882.8933333333333
7936,465.4038773058773
7937,167.179948679828
7938,213.7852955972605
7939,218.30622747372527
7940,258.47108730158726
7941,199.69331286495418
7942,82.93338596491229
7943,71.79597817086581
7944,68.20676983902759
7945,989.5373333333333
7946,57.06552465834819
7947,238.83570787608724
7948,64.00997377113745
7949,436.3388888888889
7950,54.72438474730888
7951,66.87440594572588
7952,513.5671296296296
7953,82.42809116809116
7954,162.95831825956
7955,124.590978625728
7956,182.31189197072226
7957,89.61266991064237
7958,409.29277777777776
7959,288.90011399595016
7960,1452.8133333333333
7961,238.82919695456562
7962,100.36224396129022
7963,160.32286632735924
7964,334.73106086506084
7965,70.32696037027662
7966,221.689175895027
7967,164.67652008022992
7968,195.36412483374326
7969,487.79263157894735
7970,153.15455051259258
7971,157.8945987649716
7972,83.7442433862434
7973,214.9494300365797
7974,71.98847974811308
7975,73.09853010196429
7976,301.3446591959444
7977,1266.8266666666666
7978,218.9151189162809
7979,2370.6
7980,131.26971120446126
7981,56.65541716218652
7982,195.06590968634367
7983,67.78670277449596
7984,72.2076451652922
7985,2047.9
7986,809.5322354497354
7987,124.93034268145001
7988,322.03850645812713
7989,421.99266666666665
7990,334.05404855275447
7991,202.9316461395909
7992,117.06322687986903
7993,224.4231955868633
7994,183.80424174132617
7995,408.91347540395293
7996,489.1106441745388
7997,76.53571629402025
7998,172.56948887077107
7999,159.3275652734725
8000,117.90423529411765
8001,88.77151515151515
8002,155.9133675855245
8003,198.0478094578823
8004,77.82296383723876
8005,172.8554438855188
8006,148.20034948482314
8007,419.8560625104743
8008,211.03693827160492
8009,203.9378704995678
8010,187.4392463641755
8011,170.31169749670622
8012,123.27591705315936
8013,138.47150999260217
8014,69.27572222222223
8015,184.6364776727085
8016,351.1417277755002
8017,111.64776228188083
8018,77.93262798476958
8019,721.9715555555556
8020,75.13217342609273
8021,101.84352284056526
8022,461.0400679262258
8023,91.3954611230989
8024,124.19476538522329
8025,247.61091982607462
8026,69.17660877655035
8027,713.7737945709686
8028,174.2718512043512
8029,450.17986324786324
8030,148.22840542681718
8031,130.07737107395852
8032,128.30645802287953
8033,53.719437482595374
8034,64.02793074473624
8035,74.57590873015873
8036,248.1672796853124
8037,73.58780046822784
8038,346.8580218541523
8039,193.6878285770435
8040,172.92787491258576
8041,794.2
8042,75.26428039990788
8043,69.18272748898613
8044,53.37774067231749
8045,402.58615530656715
8046,151.0612780022015
8047,51.21876109937754
8048,202.03684231751836
8049,2307.28
8050,212.13521978021978
8051,248.09683625730997
8052,130.12758985870104
8053,312.0963636363636
8054,610.7702339181286
8055,80.09669920414834
8056,83.56048624100401
8057,144.5211422648027
8058,70.44534556248877
8059,62.89226419973772
8060,70.52242964283224
8061,155.78040350256603
8062,142.8402052991849
8063,208.38893091852452
8064,43.8213312965357
8065,235.69897840806811
8066,143.29824320257723
8067,77.64350466508505
8068,331.79516402116406
8069,76.16224585549173
8070,196.68628813234693
8071,89.89654596121522
8072,583.603492063492
8073,68.59290762561132
8074,72.07473094845156
8075,205.0462838274315
8076,1361.22
8077,182.77979688839
8078,398.5645841750842
8079,143.69710686382896
8080,457.05558297258295
8081,84.62617312227812
8082,73.41328549728388
8083,59.541805551516084
8084,90.02966420610672
8085,104.85731435081878
8086,112.1907142857143
8087,151.9538897628884
8088,344.49012582216017
8089,82.68457138847626
8090,136.49489031429164
8091,192.60036935286936
8092,82.23135104439822
8093,153.22348673243974
8094,122.20187869548516
8095,74.20037196240439
8096,118.95517295018894
8097,160.44829743659454
8098,66.3206140781218
8099,233.67942015749767
8100,409.4
8101,180.91668072204735
8102,80.60907512336891
8103,1610.58
8104,686.7866666666666
8105,142.5500339056792
8106,875.68
8107,172.60591295727443
8108,118.29501541394595
8109,62.96398128559894
8110,63.03535452123409
8111,323.7842332005684
8112,60.29368076803371
8113,76.95930861224677
8114,49.051014111789726
8115,64.60298114742822
8116,252.82497318007663
8117,248.45863908184842
8118,210.9560631313131
8119,68.5269839247764
8120,121.32333642209106
8121,1524.3266666666666
8122,331.8680392156863
8123,74.62611374766585
8124,74.57186483248891
8125,246.70659365079362
8126,60.63493859247695
8127,269.00417621384304
8128,110.07394060427492
8129,558.1825718188915
8130,160.68267704030976
8131,161.93493890473746
8132,161.7402561608898
8133,67.73447713200298
8134,521.4382222222223
8135,128.1669402550721
8136,218.79420942228032
8137,135.04514133207536
8138,315.94013888888884
8139,314.84410913312695
8140,198.337635706274
8141,396.14557448433914
8142,56.29284608096297
8143,160.50698588844256
8144,127.38224286148339
8145,107.40788287922756
8146,131.7476107952809
8147,985.8911111111113
8148,91.09341493979373
8149,179.24320691345721
8150,138.59597331581435
8151,163.3634954100194
8152,76.39906659385404
8153,277.51618300653604
8154,452.34388888888896
8155,215.21349494949496
8156,197.35095475360308
8157,69.79749042939659
8158,189.02178837332036
8159,176.2248110377583
8160,150.56423397371506
8161,128.77469725908375
8162,74.53970232459628
8163,177.09840510366823
8164,75.26982284210503
8165,80.91560390777386
8166,142.06746558481106
8167,223.39923042614313
8168,81.2833140502652
8169,56.093556613756604
8170,208.18414102265305
8171,73.72944310350805
8172,271.59774883297985
8173,157.9381434927721
8174,169.95564275904405
8175,200.5830112721417
8176,137.19657104526968
8177,66.95576478232617
8178,128.28911563521237
8179,106.25075359948059
8180,200.43152991511536
8181,61.95685174820501
8182,68.60062990206853
8183,50.177640957807625
8184,57.06083669645766
8185,218.79568382605183
8186,108.17672872872873
8187,221.95151567820517
8188,74.08011956507325
8189,49.82038773776931
8190,53.62144591029885
8191,205.22157272695765
8192,238.53896889633825
8193,181.48279471718203
8194,920.5393939393939
8195,81.92927431561995
8196,905.1354603174602
8197,221.60047000936729
8198,800.0060606060606
8199,1545.8133333333333
8200,174.6329679212397
8201,85.16904196047429
8202,487.8244822954823
8203,609.2400854700855
8204,242.8438614447025
8205,66.47492245850363
8206,160.50243151567972
8207,183.65561648745967
8208,323.507207977208
8209,325.6265146135402
8210,398.8324999999999
8211,248.77492016806724
8212,153.20069860980277
8213,86.89500941359364
8214,121.04542805740294
8215,164.90699338661562
8216,290.28054850226397
8217,227.70634034393694
8218,136.96048024400721
8219,74.44946433388075
8220,168.00237444330577
8221,174.04836739474487
8222,441.7488013784461
8223,75.68496690935905
8224,492.1066666666667
8225,82.52357190401639
8226,214.3331828132881
8227,323.6459781437659
8228,168.46261684929667
8229,230.91969896221136
8230,298.05699047619044
8231,257.17957498788246
8232,187.23711746381113
8233,105.02611703350887
8234,217.40839586339587
8235,57.12776497166604
8236,305.4337443657839
8237,65.05404371306017
8238,560.049903230298
8239,254.65359424128405
8240,1073.54
8241,179.29646479330296
8242,72.98674256665076
8243,265.2175
8244,264.5991347938072
8245,140.41400359400646
8246,71.2651896567796
8247,132.6397347439795
8248,168.32778096528097
8249,65.92507378437551
8250,248.44183174603174
8251,66.47934917053584
8252,140.43162320084355
8253,59.81111612505141
8254,190.00929914529914
8255,238.30655843160713
8256,161.3072463768116
8257,202.91338045700346
8258,523.6642857142857
8259,160.5137857058042
8260,181.93030807341552
8261,136.8329356649796
8262,190.66216132908175
8263,75.2014593583277
8264,156.750843329541
8265,68.76600208433541
8266,83.89090217677061
8267,70.62623015873015
8268,192.86989567790886
8269,173.65684178009963
8270,252.25717262651307
8271,314.23457388569466
8272,138.81447824909006
8273,96.98690461960419
8274,399.3216666666666
8275,60.03997886804553
8276,60.20539499759499
8277,201.21024242424244
8278,234.29327059569442
8279,67.65204997179559
8280,235.68577518287333
8281,235.56020043392155
8282,79.13857949276576
8283,60.34813302970808
8284,368.2369792856097
8285,144.38098922835846
8286,73.54985001471958
8287,66.50696163659207
8288,217.4053068783069
8289,143.6690115889598
8290,144.41849697383242
8291,725.9525372405374
8292,229.0083673408741
8293,288.96077395642135
8294,750.3333333333334
8295,77.5889322909511
8296,211.02161863382557
8297,128.91350416583944
8298,594.262835016835
8299,210.64346232600332
8300,459.1897120963592
8301,132.8831729141558
8302,217.12189366416393
8303,166.1138341275261
8304,195.66962251001485
8305,652.0422222222222
8306,600.9862222222222
8307,141.8930867250268
8308,132.9166728646407
8309,59.734084516939355
8310,181.03757662222657
8311,185.87825422316394
8312,186.24772138824613
8313,901.5955555555556
8314,191.5911813012776
8315,1705.3
8316,176.52385033947485
8317,1229.7133333333334
8318,134.37990861683608
8319,124.02847010505866
8320,183.53078996548118
8321,152.41541147741148
8322,114.56915959884823
8323,127.88791107187957
8324,218.0426521164021
8325,70.35327854318321
8326,345.1763100775194
8327,187.6182216759848
8328,68.72297999226096
8329,50.92283068783068
8330,203.06334735770983
8331,135.7300367949664
8332,206.84603695324284
8333,125.32892049187892
8334,146.07819994212878
8335,180.36651791580013
8336,200.44870320970324
8337,181.84109652620336
8338,1027.7933333333333
8339,59.76988485958486
8340,132.04025363916438
8341,226.02367637628907
8342,2027.4533333333334
8343,68.0932767646297
8344,165.79563880976337
8345,232.1575634920635
8346,327.03803811076955
8347,176.65249775078726
8348,238.6918972509348
8349,1626.9533333333334
8350,229.9769857676199
8351,1686.6466666666668
8352,54.307190774038055
8353,372.6099976857483
8354,194.92933114255723
8355,215.00294471833334
8356,77.93048402164177
8357,174.29764766895534
8358,202.50251116343765
8359,181.01547606882102
8360,640.7797619047619
8361,143.51599931781578
8362,559.1609135124136
8363,112.43486111111109
8364,180.6575293289352
8365,150.3847624651749
8366,75.67723316040606
8367,337.45738888888894
8368,145.41128571428573
8369,205.21698428218966
8370,64.54894748689537
8371,62.12739689804221
8372,141.37715473098984
8373,142.3175017895913
8374,612.0857142857143
8375,76.46141085816454
8376,344.4375143418443
8377,200.1178901132413
8378,256.83219507493595
8379,533.1633962148962
8380,427.95873015873013
8381,64.40260821340914
8382,195.43836565352328
8383,138.29095914978242
8384,101.32584045173344
8385,210.46271813271025
8386,76.87959772369976
8387,196.30591419987587
8388,141.50509181314013
8389,114.26015496319987
8390,811.2066666666667
8391,375.5913564213564
8392,71.89043308229726
8393,654.0983333333334
8394,66.73972618343458
8395,243.53107089125305
8396,606.8805387205387
8397,246.20605567426688
8398,62.229720422241385
8399,217.97864197530865
8400,77.95890446383989
8401,173.40134956965397
8402,242.67631719941238
8403,163.45786633441847
8404,148.49174101480665
8405,82.28620076870611
8406,145.8866090495743
8407,62.32353682438264
8408,144.85867595056183
8409,135.73054499720863
8410,216.71066666666667
8411,70.36774109773265
8412,140.736756441948
8413,1046.7066666666667
8414,125.07241771514806
8415,1266.1125
8416,596.9285294117647
8417,216.12023929151647
8418,90.95624729172435
8419,148.05399627382837
8420,74.42895661711736
8421,191.06978135637118
8422,336.3127498057499
8423,354.9440586439334
8424,56.33066738754028
8425,199.89791447492686
8426,75.4709237139672
8427,79.27991189815191
8428,142.22517007747285
8429,665.9469841269841
8430,124.48492063492064
8431,49.50665421724245
8432,198.79692021164024
8433,168.38641680603268
8434,154.64680937921727
8435,100.47252442855051
8436,165.30604358506105
8437,487.8809138443256
8438,322.1339254591603
8439,59.136706118010636
8440,141.47846059987626
8441,113.79489064500565
8442,237.34036919529404
8443,264.0160088935501
8444,396.43085638998684
8445,181.54314506272542
8446,317.37795238095237
8447,60.83146030926228
8448,53.99361567987027
8449,185.68382291218188
8450,66.70946475049293
8451,61.50735632885633
8452,151.86797423279356
8453,165.26407678867446
8454,62.10035023908554
8455,160.0622072087376
8456,75.75395116430411
8457,83.25395425855608
8458,206.91300485625487
8459,118.34792337164754
8460,143.15613388282807
8461,165.2471180303718
8462,69.09260786435786
8463,1852.0933333333332
8464,169.34362906114217
8465,77.17783076870481
8466,208.2450480687368
8467,260.9529761904762
8468,66.9960323102071
8469,234.35984404622897
8470,50.87855657342804
8471,130.64241999828545
8472,133.28164803237846
8473,49.209584757834754
8474,169.99560321772364
8475,69.07185426694615
8476,150.78781382710034
8477,67.22241432930056
8478,73.38894606378105
8479,547.2752764457765
8480,60.8701890912408
8481,320.98833333333334
8482,253.1340601064811
8483,75.73091724913087
8484,64.39591897017904
8485,69.32189999665246
8486,153.05666603738868
8487,407.9316308072779
8488,198.80917055942862
8489,139.42211158369375
8490,60.10016718805865
8491,63.50910925256098
8492,131.4567627239262
8493,1073.899393939394
8494,116.93510895355513
8495,62.32161592754266
8496,202.55223330218433
8497,47.254249870266136
8498,175.62109617785123
8499,60.07824720377908
8500,78.49928650179656
8501,256.49720262429554
8502,247.12274893122972
8503,61.756160670810665
8504,134.94290991535732
8505,153.8320280041454
8506,324.10716603780173
8507,86.68704360086265
8508,66.99033247097128
8509,195.2412512925077
8510,157.95676306841585
8511,78.3150646018763
8512,204.3799723629143
8513,58.29919576719577
8514,136.48443987479178
8515,80.41383202170829
8516,80.3370808080808
8517,310.77618993210797
8518,116.02094711567283
8519,319.3266589534365
8520,244.44965896703545
8521,152.28808164207098
8522,75.79288052155884
8523,289.745881292283
8524,207.8136042486925
8525,130.27292552671935
8526,60.65778091361134
8527,311.20159212824757
8528,51.73966981783648
8529,107.6004141117467
8530,68.28862494688684
8531,369.6672326591259
8532,274.7685152450538
8533,170.87856834870627
8534,66.95150601995185
8535,50.020340133169654
8536,199.45824959329627
8537,607.6746666666667
8538,655.4114285714286
8539,115.02961828349599
8540,157.92272785772138
8541,148.67593879160083
8542,62.848423269974674
8543,183.86996482523443
8544,105.72235714644272
8545,154.83083505866117
8546,137.17655826870433
8547,106.1708201058201
8548,124.39262282517889
8549,138.78631199011267
8550,109.05823898003642
8551,163.32879953833384
8552,230.95858150387048
8553,129.71748214376635
8554,163.6213905771472
8555,240.07586636416926
8556,158.97803706585816
8557,296.23974697396505
8558,180.74599416109635
8559,221.98635085802525
8560,151.87146835571838
8561,146.18602983216277
8562,518.7845322997416
8563,504.3925978835979
8564,679.6066666666667
8565,250.1488894425988
8566,291.77937610229276
8567,77.29636246088612
8568,1723.2666666666667
8569,143.25608708374304
8570,59.89488858973352
8571,166.61758997358274
8572,262.03467737979804
8573,341.5918126122244
8574,158.48103464804504
8575,62.42557791537667
8576,54.20163592561359
8577,181.33471115564342
8578,165.5453999038806
8579,341.25197674418604
8580,366.7656609083007
8581,264.5646453255953
8582,338.4652960887066
8583,156.21260362725272
8584,76.36297085631429
8585,398.52838964076864
8586,47.28835120703237
8587,82.43348062138116
8588,631.7904444444445
8589,123.39655758904127
8590,72.35525375172337
8591,189.72764552420347
8592,146.7622749058627
8593,438.925
8594,219.08963098436
8595,346.38465419229897
8596,72.48501998485023
8597,231.36446629697224
8598,79.26487187447628
8599,300.68668230757544
8600,60.68897296641844
8601,168.7962409447924
8602,545.018000041897
8603,223.8951768783738
8604,111.54656826942413
8605,458.32369515651476
8606,195.34633196518408
8607,280.74310093670346
8608,993.619393939394
8609,353.41333333333336
8610,210.8340132041448
8611,260.5110831588238
8612,58.71480625116999
8613,207.89311599638617
8614,270.30868345682154
8615,745.7466666666667
8616,64.90761849651322
8617,76.94118950008634
8618,87.10647886212355
8619,55.50927551221856
8620,70.15344122383253
8621,137.92630826151102
8622,124.99720481303697
8623,100.1837698198313
8624,132.41558719905427
8625,71.67987370600413
8626,528.6163506696703
8627,55.66353672614492
8628,165.39097126278983
8629,53.38806696130381
8630,88.42718823218824
8631,204.72978362569341
8632,60.59408471859406
8633,625.7580995280996
8634,146.17640093447858
8635,246.2848423606902
8636,174.2018564625585
8637,131.69453689178715
8638,488.86776041107623
8639,74.9566828886589
8640,125.72330173530175
8641,90.7779930064117
8642,69.38860227921755
8643,75.17915422859734
8644,66.23356017246378
8645,485.6743194951392
8646,76.80442608573107
8647,69.51264285714285
8648,136.66144277631105
8649,113.61914245082612
8650,305.6781793256216
8651,196.89481131522794
8652,208.42218964921028
8653,205.6242142894668
8654,177.66663213976375
8655,91.10886935286933
8656,63.222057072524606
8657,62.10807189542482
8658,125.26323665073495
8659,245.5263917138783
8660,749.2466624895574
8661,444.21698412698413
8662,202.9752175324675
8663,246.32755791755795
8664,209.8966796168647
8665,154.96231087866298
8666,456.9628800106996
8667,119.76245606337699
8668,55.720026455026456
8669,343.1312001094691
8670,127.98515165107797
8671,151.2380946957441
8672,128.4829594753318
8673,79.14563767935846
8674,273.8263935825226
8675,64.3181423781192
8676,236.57569268056628
8677,250.97346269533068
8678,115.29174753668516
8679,592.7873563218391
8680,86.19870668992685
8681,153.32748449636958
8682,132.392586560236
8683,454.74785185185186
8684,205.46388005928193
8685,89.00526319300666
8686,60.1349454711552
8687,144.70997403076936
8688,206.04531388719246
8689,72.35690024569371
8690,69.57821566916249
8691,703.3469215686275
8692,65.52181026396974
8693,70.84737890078085
8694,288.3524969505043
8695,185.43345872518287
8696,86.85666666666667
8697,235.93642318251634
8698,144.04602927970288
8699,68.87668139468651
8700,230.9696719281028
8701,132.0992213655927
8702,192.60653751908453
8703,163.14310412515218
8704,113.89903085444705
8705,184.4737249847318
8706,67.21076808656743
8707,130.8727177609917
8708,191.1334509792074
8709,174.73846705329169
8710,71.63362564465183
8711,339.4866666666667
8712,70.3409457699199
8713,76.96243673023048
8714,200.72947336024137
8715,357.60809040277456
8716,234.65641575299117
8717,79.33859664004578
8718,172.7709256299256
8719,53.72555555555555
8720,227.59462383973772
8721,548.1696406556407
8722,231.5880894085276
8723,162.0463951173685
8724,229.61351659451665
8725,59.87022490798463
8726,66.01826036538993
8727,77.90210049292368
8728,257.4540105820106
8729,506.42300528564994
8730,106.4413544428325
8731,86.64024670649763
8732,225.72025478656883
8733,59.11213233433232
8734,152.66008908852595
8735,61.63376758362361
8736,232.94673167071227
8737,73.9349327778173
8738,82.36007165522823
8739,66.59731410435178
8740,116.46385572519006
8741,263.50903285498094
8742,378.39614341085274
8743,139.4764997305076
8744,125.26180952380955
8745,375.18132083997875
8746,253.80606404577338
8747,96.48494755755941
8748,84.23601601054679
8749,254.45132118799262
8750,133.4970265583929
8751,103.4600499966565
8752,58.333359941472715
8753,57.83435637101529
8754,584.9705687830688
8755,191.42871587625746
8756,581.4992449217449
8757,1933.2933333333333
8758,382.99388888888893
8759,60.46848036223035
8760,583.5151111111111
8761,161.5466159198972
8762,215.75049707275107
8763,99.519663003663
8764,65.31505996841716
8765,183.99814596439452
8766,57.696985076140216
8767,196.00322242316295
8768,60.28912250135915
8769,179.51526057023023
8770,186.444811487051
8771,123.65768077953523
8772,109.2167214920363
8773,60.49054250584217
8774,80.8594574809531
8775,62.48607000278827
8776,194.47463584557252
8777,124.09315586793807
8778,485.5722222222222
8779,99.35404512809232
8780,489.7641394335513
8781,78.69741056993018
8782,86.34544074237884
8783,153.75612649786714
8784,213.93713910310893
8785,69.6988987670525
8786,67.42244930019602
8787,94.89815974268782
8788,154.12458066201052
8789,152.46787320276422
8790,100.27899021283727
8791,120.49747568525983
8792,855.7133333333334
8793,725.6616666666666
8794,459.6325
8795,130.0548781784543
8796,168.41400433862435
8797,66.09579486629488
8798,83.25017171717171
8799,112.66698371700663
8800,135.6333376709946
8801,203.70756327851524
8802,846.0373333333333
8803,64.34213639528114
8804,129.50770735575094
8805,338.25106397306394
8806,143.36708805348528
8807,104.90277315590444
8808,145.73951896562295
8809,341.92997016100725
8810,162.09241664852442
8811,303.05648425727054
8812,321.13976657329596
8813,647.0766666666667
8814,167.68789644878373
8815,124.460906354058
8816,773.6966783625732
8817,991.0777777777779
8818,70.83692188077447
8819,106.04647871850305
8820,242.46196925394295
8821,121.91784908091742
8822,122.66919467787115
8823,673.282557997558
8824,97.21800755109454
8825,145.39087679111188
8826,159.1551866940866
8827,45.06912512143064
8828,292.08101499118175
8829,272.2035498996534
8830,141.58381966737673
8831,100.51495456154151
8832,655.5079894179894
8833,283.4089576584097
8834,241.89429627857652
8835,221.28030982905983
8836,59.51960541812817
8837,61.45576203211747
8838,92.62555545613385
8839,281.33171261554185
8840,138.7504305035828
8841,234.344844672554
8842,129.46779368005815
8843,163.23569195583744
8844,77.16080210398127
8845,178.8219699575752
8846,88.62515146509264
8847,109.44680391040578
8848,88.55055306641799
8849,127.33036490786219
8850,129.28611831043375
8851,187.0221650503909
8852,307.0419841495019
8853,80.82715064786149
8854,146.00596530135277
8855,155.04507416279907
8856,67.86839452690127
8857,288.0869260881802
8858,307.6540368212035
8859,110.17020227370226
8860,116.52157991681521
8861,69.40854462125021
8862,382.39519682691844
8863,71.64760388589127
8864,355.6015089216007
8865,226.40278670128814
8866,168.5787928006533
8867,304.57224382716055
8868,205.41812531146107
8869,55.408812341979015
8870,943.7466666666667
8871,195.91158346437223
8872,109.00621825396824
8873,105.42912816987044
8874,85.5772674847894
8875,174.71949694946295
8876,70.36548603476867
8877,219.7114285714286
8878,241.26649796146376
8879,290.6450831194084
8880,52.638822586046466
8881,330.0322174749566
8882,71.54472666222667
8883,70.86774449908837
8884,65.32669226290697
8885,54.58593714927048
8886,229.61725395424926
8887,69.69770080814986
8888,1367.6533333333334
8889,165.32158015231863
8890,232.73668718562448
8891,112.8468402511369
8892,68.22317664152446
8893,296.22226002581624
8894,265.449708994709
8895,50.82158896414813
8896,100.27267745450582
8897,57.59531005355354
8898,50.579047821605286
8899,182.81816908602394
8900,55.002810835497115
8901,222.25591162092397
8902,138.0580574912417
8903,173.89244757739084
8904,408.179010989011
8905,434.5079418119418
8906,135.8032445692503
8907,183.3992043142043
8908,66.85931039343039
8909,750.7641111111111
8910,213.2618427128427
8911,208.2542044586722
8912,344.9645925925926
8913,506.45828766360347
8914,77.48978639334521
8915,321.93041624279863
8916,1098.3927272727271
8917,660.6636683111683
8918,142.62130054492863
8919,162.31731598945683
8920,71.73101851851851
8921,74.9066028389441
8922,172.28436798662014
8923,235.7579222678592
8924,132.80975087462608
8925,604.6465244792746
8926,466.37275163398687
8927,81.95251866490997
8928,119.6144765904521
8929,245.4930099022772
8930,606.0345457875458
8931,83.57886890886891
8932,62.33472234032735
8933,187.01072798835386
8934,109.90669082125605
8935,112.34958333333333
8936,139.61590453028296
8937,189.886445663508
8938,55.20940389089855
8939,125.76630478110523
8940,634.879964997965
8941,148.2446200183773
8942,67.1419246614703
8943,224.63871445045405
8944,194.67111111111112
8945,237.2860893052115
8946,223.49463568322696
8947,69.72103337179942
8948,1388.0533333333333
8949,125.51271328763457
8950,483.33389102564104
8951,491.44940836940833
8952,90.22168652009674
8953,99.40092509142957
8954,91.98148934687988
8955,131.52425396825396
8956,82.17097684166454
8957,658.1196686159843
8958,72.5073167772365
8959,142.37078360039257
8960,99.24274477086605
8961,150.92796354629098
8962,197.83781131522795
8963,144.3043173130621
8964,242.06928228716973
8965,676.4666666666667
8966,73.04087062666098
8967,238.17341392053518
8968,848.52
8969,313.63044404460527
8970,286.0121363354183
8971,82.56616666666666
8972,87.70910064573033
8973,106.48038059163059
8974,76.82871707197513
8975,64.5693143233578
8976,121.27549988838034
8977,82.78147843968897
8978,128.33959505872681
8979,280.4474399247914
8980,85.95035462542273
8981,453.12548114371253
8982,254.71701389458457
8983,177.029283486494
8984,195.0528222281083
8985,211.1280071011492
8986,134.6901756620118
8987,79.61473091468214
8988,159.55642823184746
8989,271.1506135553277
8990,155.62437401063713
8991,63.1647456653765
8992,370.0129489356186
8993,158.19023062753107
8994,192.9036517667437
8995,177.52163066748088
8996,119.17518265610396
8997,274.85399069884363
8998,261.48751190476196
8999,586.7175258445259
9000,196.0430758654925
9001,177.42975095310942
9002,139.25216625419847
9003,998.5666666666667
9004,84.96604617604618
9005,60.15923628282896
9006,156.96722765635923
9007,163.6712994920289
9008,149.01310165236274
9009,142.96067563299434
9010,198.0626709256802
9011,73.48093219736376
9012,170.52072249489987
9013,75.26656479334241
9014,135.95901302975298
9015,174.7612335609216
9016,126.74645496269382
9017,68.7734049909252
9018,170.78074536259018
9019,72.21403518743847
9020,586.8095555555556
9021,617.0600116959065
9022,145.1457030363926
9023,214.423662748676
9024,57.226822783607105
9025,44.529765127465126
9026,141.35257175777858
9027,68.2998339581902
9028,57.49876623376624
9029,51.7344884120174
9030,63.123360521590705
9031,106.44105181367985
9032,136.50606869981496
9033,367.1824053315106
9034,192.9890517591109
9035,67.64847754233783
9036,327.6338
9037,158.18450396825398
9038,142.16914396988798
9039,97.60796296296296
9040,328.0667325044476
9041,87.42669984088072
9042,580.6883333333334
9043,1793.6066666666666
9044,133.36381709900044
9045,73.8119179559315
9046,157.98035140529961
9047,185.0712965830048
9048,480.7386666666667
9049,112.6559059046725
9050,520.5869005847953
9051,215.97170700600097
9052,54.6726691031691
9053,788.56
9054,145.57422662444
9055,185.9787191901114
9056,488.51444444444445
9057,166.40114035210087
9058,78.53435909276972
9059,859.7216666666667
9060,633.5628344988345
9061,73.95535734425725
9062,191.90735236416882
9063,74.75172445255318
9064,668.2304301058689
9065,121.54779663093097
9066,188.40486935286935
9067,122.38225675156471
9068,1014.24
9069,179.7847142743127
9070,136.96384913014603
9071,157.8691884715439
9072,61.13766636423158
9073,67.19055191792032
9074,58.661840558077394
9075,75.43094676432025
9076,222.77225467317928
9077,499.5728888888889
9078,48.94082320452226
9079,61.664633590510384
9080,78.00226255491874
9081,70.26665873015874
9082,60.815579365079365
9083,65.20246899451432
9084,58.782551153880725
9085,89.87428136934793
9086,85.72001096643557
9087,123.63046176745779
9088,201.39480597119075
9089,73.89985603038936
9090,185.24053253375163
9091,73.68935047511327
9092,72.65957816108899
9093,649.191111111111
9094,75.0878684658653
9095,172.24163784042045
9096,164.8664656420509
9097,378.72612960855406
9098,203.06877723768295
9099,199.24371928395038
9100,99.35389177469747
9101,65.37410559277059
9102,232.3471235322475
9103,154.11002442530392
9104,145.8263483871129
9105,760.08
9106,156.3767798429828
9107,71.90365224740988
9108,148.94807710442157
9109,63.985286288599745
9110,54.947833682370835
9111,97.95280193236715
9112,46.60633117789981
9113,321.4388783068783
9114,109.10455026455027
9115,139.40728265187397
9116,136.06769028133337
9117,500.65974291939
9118,50.91454808590103
9119,609.6322222222221
9120,74.01415063643704
9121,53.20371408539365
9122,54.96387122074411
9123,150.45103876905642
9124,96.10770407952376
9125,228.4323409277844
9126,405.5225956810075
9127,144.99142163065957
9128,290.62555555555554
9129,236.41164218095776
9130,53.45876618236366
9131,164.97911019520564
9132,265.8418227280201
9133,227.9595165296108
9134,92.34563871937623
9135,653.3321228070176
9136,520.6945238095237
9137,174.03929575472984
9138,103.72389906015654
9139,278.7633650793651
9140,53.1776482961483
9141,222.04735410310988
9142,227.9421531140839
9143,124.64864863547758
9144,195.92143384320224
9145,772.7816666666666
9146,59.61107670466512
9147,184.73842234164783
9148,180.61791159413383
9149,71.36316190655901
9150,254.13890585367005
9151,573.9085185185186
9152,115.58619641426698
9153,69.78391270302498
9154,135.59726349994344
9155,170.17667808040613
9156,251.88733107687833
9157,66.67136968800983
9158,60.75743674297525
9159,340.27691111111113
9160,69.91486442503536
9161,63.50122169376518
9162,463.660873015873
9163,140.18585466469938
9164,216.69982107544985
9165,162.78539108217467
9166,58.311524595522656
9167,176.70900131096212
9168,178.54118279467684
9169,73.6661066577901
9170,71.17135876120997
9171,61.982831779898895
9172,140.96013853090776
9173,481.5780952380953
9174,2089.6133333333332
9175,143.3364408116126
9176,97.87909033780345
9177,695.34
9178,62.77242312306649
9179,57.55991519308577
9180,109.5629639910033
9181,95.81587015711364
9182,103.75953736696815
9183,160.41828931975917
9184,393.55787839888166
9185,79.19627945579843
9186,61.50288408347836
9187,67.08832460067619
9188,223.28983612492928
9189,387.8690959282264
9190,69.24595154583979
9191,184.94027526205545
9192,275.4434518319845
9193,175.44711111111116
9194,143.98127629783085
9195,140.39415632515633
9196,134.0856097943286
9197,144.74264937770087
9198,72.91332664995822
9199,192.48946219902103
9200,51.583173102859384
9201,180.35255811555723
9202,178.49077578653925
9203,188.65075304445736
9204,57.602059549745825
9205,634.3215606060605
9206,502.4659615549616
9207,229.51971748492682
9208,1375.1422222222222
9209,398.59407660857664
9210,180.4330089003622
9211,1083.7260606060606
9212,118.47626978260516
9213,434.6101447811448
9214,315.7747058823529
9215,128.16131703115894
9216,68.94836396972661
9217,78.68328302353365
9218,118.97710496919086
9219,89.07988094644146
9220,52.576309432559135
9221,107.35695371892918
9222,124.91449074074073
9223,356.3740740740741
9224,56.47399245184428
9225,141.95201953303575
9226,184.34865400453901
9227,106.19424043446679
9228,159.56941930283173
9229,73.07919752407041
9230,188.60398369810443
9231,54.611349432702376
9232,129.20633879780118
9233,409.4668238369116
9234,92.60784390022314
9235,72.09069716775598
9236,558.954134502924
9237,156.91547496983316
9238,221.4544857357647
9239,56.26888888888888
9240,397.0146624666625
9241,165.38618975871216
9242,89.59260038418736
9243,53.8822037037037
9244,130.46038368815815
9245,73.9042421329266
9246,493.1888888888889
9247,173.3653978718216
9248,130.49166218645732
9249,70.52134115377412
9250,233.09825627373138
9251,188.03515230389021
9252,295.0705687830688
9253,357.5840137327085
9254,233.31844443716736
9255,92.37041981700246
9256,109.20770489354845
9257,230.74187301587298
9258,141.69816709662265
9259,56.6902257497641
9260,252.77239277823256
9261,452.1506445406445
9262,391.46823015873014
9263,136.73764147452417
9264,71.47944510668276
9265,139.6552282348776
9266,513.9646666666666
9267,1204.7466666666667
9268,569.1419597069598
9269,117.21173025155481
9270,226.72419981908217
9271,254.5623065501825
9272,135.88950005949803
9273,520.9745198450198
9274,77.1650097310182
9275,55.81860636402272
9276,52.981659143152335
9277,47.47673171011994
9278,66.90401012766804
9279,253.37385634118968
9280,155.67422565623804
9281,286.5196331621089
9282,133.90923296520535
9283,396.15581291547954
9284,184.30295244607245
9285,84.04474571496223
9286,64.79549244717333
9287,68.92365399010563
9288,67.78894090726155
9289,84.91232803789705
9290,69.98305874993054
9291,141.22921761833993
9292,337.5824727376605
9293,65.48278196555951
9294,425.0802233361181
9295,63.64995104570999
9296,208.57243270278457
9297,75.09187886495596
9298,324.71229940865237
9299,218.36451576501787
9300,250.0209053156146
9301,192.89486684149185
9302,313.61316666666664
9303,76.47667852240106
9304,63.8253717394753
9305,231.7136843939751
9306,406.54
9307,87.35204948889948
9308,150.30671006919943
9309,152.79664721237606
9310,350.31333333333333
9311,134.28438522588525
9312,229.79710186068166
9313,1048.8680000000002
9314,79.1040787828646
9315,56.681593904280184
9316,556.5001957671957
9317,1273.3933333333334
9318,124.85557350383588
9319,180.61434445691773
9320,64.07254262498567
9321,652.1082053872054
9322,172.72453749211533
9323,68.8017951351313
9324,133.03580745964862
9325,186.99820369275065
9326,160.20410630053954
9327,508.99622222222223
9328,88.28980014430014
9329,122.9888989360404
9330,83.45711407641392
9331,90.05590937019971
9332,122.91315256886102
9333,141.64218647800607
9334,82.76552130627005
9335,75.70791425803307
9336,213.08643577756771
9337,204.85109541862113
9338,69.52941765789691
9339,112.6551916911528
9340,1114.4759999999999
9341,102.67899376787302
9342,444.99443650793654
9343,430.53476190476187
9344,120.72876145749275
9345,52.97481913939937
9346,69.74508573527817
9347,242.84996331986952
9348,157.92066606021754
9349,131.22897957745118
9350,73.83158330164315
9351,132.9534603787297
9352,173.41240399343616
9353,213.196597150437
9354,212.2719100268845
9355,368.67044444444446
9356,72.78641473341473
9357,216.92144719348522
9358,741.2783333333333
9359,222.18583125651813
9360,244.8332946445036
9361,194.73796693303063
9362,270.2457699805068
9363,48.97533289303672
9364,52.82746466384426
9365,224.42711821916674
9366,109.41544859250764
9367,221.23851753414544
9368,163.34889511360097
9369,175.17283846772003
9370,338.7517299223473
9371,130.47230649695936
9372,131.25923452619506
9373,53.616630094118925
9374,65.44559589095262
9375,134.98317619927758
9376,215.35474151579675
9377,200.03400092434703
9378,180.61645899011697
9379,73.24047485888832
9380,377.74313180827886
9381,91.35890384615385
9382,55.88427614427614
9383,66.15815148325356
9384,207.92095135542556
9385,65.95024142047419
9386,120.97784263022419
9387,202.49715977368768
9388,203.84039059535718
9389,179.0719437460921
9390,94.26115623920342
9391,74.25663393950038
9392,65.05489384223668
9393,83.95841358312396
9394,64.36992452092095
9395,61.27413501345958
9396,122.90228004458821
9397,191.4637942788593
9398,483.31357218339184
9399,499.1358333333333
9400,78.23717452483145
9401,112.0034560153636
9402,131.72407671892643
9403,148.68660434601233
9404,181.6326353680893
9405,136.2723022849107
9406,122.93999078685634
9407,181.5809340922054
9408,157.54965251627482
9409,161.5874117829602
9410,67.66584994289616
9411,874.4691228070176
9412,48.970548275606454
9413,800.8333333333334
9414,169.7020828132487
9415,79.36838947208072
9416,84.37143507199717
9417,732.6883597883598
9418,211.59243402212428
9419,70.16236691057856
9420,188.21175432900435
9421,166.1851282051282
9422,416.2271746031746
9423,330.0774648835406
9424,182.48392494976943
9425,167.6072265059857
9426,59.745900932400936
9427,235.60097757797757
9428,167.5930637717479
9429,329.7425599328462
9430,74.62802575719046
9431,438.5786246246247
9432,189.57916514176767
9433,141.5462788226604
9434,48.19826114488273
9435,165.8611409554574
9436,114.02716529963931
9437,73.40437628587718
9438,75.71428571428571
9439,130.21249071018568
9440,143.30266717417322
9441,219.653653110907
9442,83.57019708994709
9443,478.8066666666667
9444,46.460021901065396
9445,78.92411436711436
9446,78.41085691510045
9447,173.00083307116844
9448,56.410537240537245
9449,151.78922776792922
9450,285.58715134736065
9451,173.9718844507933
9452,85.13327240989182
9453,698.425104094778
9454,168.81290155424801
9455,727.8863333333334
9456,42.16052311395939
9457,405.5729690872006
9458,197.33507635467979
9459,66.27592507453147
9460,583.0155555555556
9461,94.12454422952348
9462,130.03740173335873
9463,133.0133831983019
9464,158.13244783029634
9465,52.966654584103146
9466,156.24318063167897
9467,132.82512775738152
9468,564.0747345928925
9469,74.48150817548692
9470,65.2794936729316
9471,109.18675660762615
9472,173.3581343841344
9473,59.29394254658384
9474,151.7483062289463
9475,205.79549008602277
9476,448.6594814814815
9477,212.98598875001116
9478,213.64149230063327
9479,53.63812195690073
9480,155.03610212927305
9481,104.60485999131711
9482,108.59681542313895
9483,227.18784811770738
9484,326.1244444444444
9485,356.4762511867218
9486,219.00280815544605
9487,435.42952380952374
9488,197.15537773176905
9489,62.18269687558818
9490,65.90960586304548
9491,85.78197179302005
9492,162.29651246871617
9493,153.303810358879
9494,528.5510101010101
9495,74.46573503020946
9496,68.52300963300964
9497,360.8880923890924
9498,194.5357584698823
9499,70.01334440952252
9500,143.31364705458773
9501,71.92517767510876
9502,118.52367888834236
9503,311.7545221978026
9504,157.21787364882044
9505,1234.1933333333334
9506,59.18933007632317
9507,100.49561648863951
9508,152.56113446135518
9509,84.34497058604852
9510,75.1872177897937
9511,103.58767174867175
9512,77.90459975512275
9513,244.06346497383336
9514,77.71958495694173
9515,74.69086509397835
9516,190.42115760993389
9517,173.00125489448257
9518,51.71889968159151
9519,124.54546811093135
9520,160.8548701759356
9521,68.86898077651036
9522,253.4145764389541
9523,230.9960089583666
9524,232.92360230038548
9525,64.44014768806073
9526,107.18204024662046
9527,57.9991490883118
9528,121.92505982378663
9529,222.84636227313123
9530,69.9031681849112
9531,323.5670223711486
9532,146.3195717721597
9533,193.5893037885686
9534,163.41530661765495
9535,72.30833939940896
9536,422.1582236467237
9537,202.5356234342543
9538,244.52666666666667
9539,315.686535960714
9540,148.55006346685167
9541,719.2927777777778
9542,78.0453813105078
9543,139.8994091813485
9544,425.8396489358069
9545,224.68712651727358
9546,66.04777040388804
9547,348.4943821688349
9548,130.93012932174145
9549,141.73310475717722
9550,241.03275
9551,922.8706666666667
9552,157.41491175023384
9553,97.34280327004168
9554,238.88383663342591
9555,258.67953897890396
9556,180.7703361919778
9557,258.40452649838494
9558,918.0466666666666
9559,1360.1266666666668
9560,219.8471512142179
9561,404.698
9562,131.29593341519342
9563,54.57413492063492
9564,229.63826358626426
9565,2233.0866666666666
9566,69.85144036071472
9567,63.94866034624934
9568,229.40035566927753
9569,209.6660810681349
9570,215.86392249428505
9571,80.20279458096238
9572,74.70794179894179
9573,68.70326984126986
9574,254.9153585717894
9575,140.7778329032892
9576,143.37274601397368
9577,103.4643447045935
9578,128.9955603485784
9579,81.56567436676939
9580,166.21016009100643
9581,93.88758313739123
9582,136.03698802426936
9583,75.21491884531589
9584,298.13601803751806
9585,253.6426584582371
9586,793.04
9587,625.2866666666666
9588,72.57019826627175
9589,266.726231884058
9590,208.7072322868288
9591,77.01804460485155
9592,75.95867550575787
9593,62.537205641178296
9594,186.2723434329172
9595,134.12871449246316
9596,95.37574737787017
9597,141.95630390756347
9598,189.7631646508228
9599,163.465971449514
9600,125.30378039142762
9601,184.371954304845
9602,237.4814772784579
9603,222.49153219306322
9604,72.19400843975845
9605,83.49137525437526
9606,136.53341899108395
9607,555.7510388260388
9608,202.85418300298736
9609,94.71700264550265
9610,379.6155906812486
9611,67.74548642439431
9612,371.8908092691622
9613,144.90278919592228
9614,53.03378473134389
9615,60.42032679738562
9616,78.23493195382001
9617,224.82141245301275
9618,61.37705149632121
9619,69.08016580045785
9620,136.7549647241468
9621,114.5225709610965
9622,786.6975829725831
9623,145.51435859585263
9624,104.90659879829998
9625,216.22748421215212
9626,150.2040056119371
9627,81.87354093950785
9628,70.84512753129587
9629,152.92061248074404
9630,1032.665
9631,110.71546577419814
9632,185.81566821634908
9633,358.8176388888888
9634,684.8602271241831
9635,84.52556837606838
9636,972.18
9637,1111.9033333333334
9638,405.91777777777776
9639,164.5812792757924
9640,1036.2944561403508
9641,145.9730996004504
9642,200.90576083226082
9643,160.20340362015932
9644,139.45168251281856
9645,1341.1458333333333
9646,132.18271828124136
9647,155.93061771333475
9648,75.47529918282325
9649,187.54060843914715
9650,64.96184126984127
9651,148.87018997032553
9652,65.16733098812855
9653,80.70139153439153
9654,155.10280038871804
9655,70.53329567000826
9656,1419.9733333333334
9657,776.0130952380953
9658,412.5361904761905
9659,209.11214868476125
9660,306.42023779144824
9661,69.56821611477912
9662,80.67935353010353
9663,886.1466666666666
9664,154.14738193523021
9665,97.06443912226742
9666,630.94
9667,134.54214285714286
9668,60.266690476190476
9669,153.47542012894567
9670,199.09095655610525
9671,307.31559726752187
9672,282.63730359147024
9673,534.1910642635642
9674,65.74348183566988
9675,106.44598815414606
9676,66.27403350970017
9677,179.43190117338798
9678,141.90282296582564
9679,64.86108363793453
9680,105.43771109885134
9681,127.38031269145901
9682,194.86051206385307
9683,75.022561626546
9684,83.42259115711629
9685,81.65245621873966
9686,51.71984652076318
9687,102.74350644372957
9688,150.28432332106237
9689,85.3838536112036
9690,70.00881661799708
9691,139.85830303030303
9692,189.57951266715457
9693,78.139843111828
9694,229.61273314301934
9695,88.41547486300084
9696,116.33940870038222
9697,141.13773476017838
9698,79.8844420792599
9699,217.50197689715156
9700,79.66519829664777
9701,277.5158053467001
9702,75.14036809827599
9703,158.4276220493266
9704,162.06024617780733
9705,1895.2533333333333
9706,136.6594499976668
9707,152.46410593940598
9708,93.82670477979177
9709,89.5791775859004
9710,126.48585561398558
9711,443.3933333333333
9712,154.37949377968002
9713,68.6363871374071
9714,77.28520928359569
9715,68.25857126920023
9716,144.9603621993641
9717,225.12188519269776
9718,65.62893650793652
9719,524.4688994708995
9720,223.2628012301949
9721,402.7073535353535
9722,127.72842935984285
9723,175.70569828907014
9724,181.565786655682
9725,159.05558075630697
9726,411.81512820512825
9727,54.32384117965368
9728,115.34094484577457
9729,193.58065804054522
9730,51.7815
9731,132.06890440012648
9732,172.3676292963511
9733,162.67878018898665
9734,231.7864085062553
9735,312.3656471059805
9736,400.1014797979798
9737,165.6910811965812
9738,125.55191545712982
9739,215.47691091808522
9740,71.36887800526674
9741,136.33091933752402
9742,159.15362460866237
9743,59.475373626373624
9744,240.4017546070818
9745,124.39401796633415
9746,60.67137277537278
9747,51.42299366297245
9748,460.68763353186506
9749,158.6701587301587
9750,980.7866666666666
9751,73.22601813851621
9752,676.7292222222222
9753,189.4583000888001
9754,398.9758138138138
9755,107.45878948913419
9756,50.38818494039509
9757,73.19786168937725
9758,228.92156494030715
9759,115.35379942279944
9760,56.88944346150262
9761,45.354365276698616
9762,210.58083917789497
9763,71.11323449827837
9764,139.9468777356462
9765,232.3791989664083
9766,421.0730555555556
9767,272.4169342433603
9768,623.0546410256411
9769,75.64782995644639
9770,1811.8466666666666
9771,203.24777066228796
9772,65.8280483551492
9773,274.52590740740743
9774,165.57710715774422
9775,63.21623809523809
9776,67.89905890466926
9777,69.86859451659451
9778,67.52865488413842
9779,84.57156988642308
9780,152.19269491496942
9781,677.3259649122807
9782,96.54478431372549
9783,192.00101480968104
9784,78.24656094714634
9785,173.3287169882896
9786,217.75952075582757
9787,69.5725235522515
9788,111.56944444444443
9789,66.00371701929068
9790,89.26603499445515
9791,138.04279558203075
9792,78.15603205013781
9793,69.62740484089903
9794,249.24385901027077
9795,67.56858676377351
9796,239.07444319131164
9797,649.6957894736843
9798,206.3524567521522
9799,124.69505581350185
9800,178.57942402306816
9801,197.54745136862195
9802,52.59780736597242
9803,169.31957936507936
9804,163.8535904762647
9805,238.36514529914533
9806,134.89999652773156
9807,75.72285447985398
9808,66.87192924037824
9809,74.10342843256961
9810,357.42369593932636
9811,192.78012013935887
9812,61.55015925492686
9813,91.96960661862829
9814,170.92264981657246
9815,157.27521530414853
9816,359.6053063973064
9817,200.6510870197294
9818,77.56579976034742
9819,67.68950091162358
9820,60.010150086577305
9821,67.26521865010994
9822,245.36554847263085
9823,755.6600952380952
9824,123.1395629801217
9825,146.79712223818044
9826,52.90005213061129
9827,63.39312798479584
9828,320.0626209771418
9829,349.7938317793733
9830,356.09396031746036
9831,68.92207142857143
9832,50.46057251390585
9833,239.7188162966662
9834,312.35219887955185
9835,159.0637202053093
9836,428.26666666666665
9837,213.80098440545808
9838,264.45115060495317
9839,205.45767912406762
9840,76.06785051382845
9841,52.90905024968642
9842,128.29845041712204
9843,94.01154755582895
9844,203.53724383281036
9845,248.44240972317445
9846,93.59359706959705
9847,855.8192592592593
9848,151.9024467507337
9849,411.391037037037
9850,356.39735764819994
9851,136.1418016890517
9852,186.28121410423685
9853,108.82119047619045
9854,257.4906770341764
9855,138.9507182035836
9856,182.62321362642734
9857,94.23790447623854
9858,150.02985628377493
9859,78.47036212014274
9860,171.06105916305918
9861,253.69702467372545
9862,74.00536275841652
9863,262.5243218264834
9864,57.96304714980083
9865,243.12631474009623
9866,161.745770369942
9867,281.3672065866232
9868,259.08711648745526
9869,212.3128951200824
9870,852.7711111111112
9871,62.10350325339818
9872,186.59633955834383
9873,134.66860136322745
9874,164.62246523601672
9875,67.96418869395013
9876,1336.1933333333334
9877,104.9795156495829
9878,262.5494298245614
9879,75.82864672520573
9880,188.69022375309405
9881,190.51439661043486
9882,106.143506790915
9883,65.29778158549567
9884,185.78318328913775
9885,168.73977943714556
9886,57.770171752386666
9887,56.21669976138603
9888,171.1649884451061
9889,326.235127262601
9890,196.38638743224394
9891,122.08634468444939
9892,228.31121246944772
9893,165.72413765466712
9894,121.80013067387476
9895,350.4801007647323
9896,61.98959506998638
9897,623.9306782691866
9898,148.51905438105337
9899,44.50024033810649
9900,138.57193264727476
9901,109.83888484436247
9902,147.5062224969251
9903,77.79302896098285
9904,344.0421462148962
9905,271.186901032901
9906,65.18179683911045
9907,64.04869276405678
9908,75.72602388915432
9909,212.99082135838015
9910,339.13086419753085
9911,173.96019932643975
9912,141.22038541236165
9913,197.97076962660395
9914,627.8269132719132
9915,183.37723153641448
9916,143.94568393205233
9917,191.35365335764635
9918,197.84559555764255
9919,67.68460585025841
9920,361.6799305555556
9921,80.83529824151881
9922,274.90452070152065
9923,57.89500000616669
9924,74.07921194111103
9925,75.63102063909008
9926,183.99760245135556
9927,265.4960478807685
9928,152.25122299435455
9929,182.36992687689843
9930,334.87169114219114
9931,83.99005378768193
9932,321.380534992785
9933,68.65796849544776
9934,269.25060467050815
9935,164.72389487373232
9936,148.28428146040574
9937,311.2610791348983
9938,138.79538740329525
9939,386.9626474554666
9940,219.3265183326371
9941,472.4470919048748
9942,199.93701754533149
9943,178.29143856593868
9944,205.0505419230105
9945,204.431626984127
9946,63.96313802997391
9947,153.46308259148026
9948,143.43008830925558
9949,186.10750250712252
9950,84.32744020032256
9951,150.0151722062806
9952,122.86917824462498
9953,78.72533140114227
9954,96.60493526836305
9955,481.478187134503
9956,74.7494456436725
9957,78.13918062694167
9958,61.27908858548858
9959,172.41213004902664
9960,66.49915588300118
9961,145.57526932526935
9962,281.5399639521125
9963,172.04257419292654
9964,298.53876668694915
9965,68.63554334409235
9966,115.8101134412157
9967,86.76916349509867
9968,62.16029941092261
9969,109.6301282051282
9970,444.85557158119667
9971,72.99232818229581
9972,192.29511394648242
9973,904.272262295082
9974,49.188809523809525
9975,54.98528649075025
9976,67.5756165312691
9977,118.79338560209571
9978,101.0370200431175
9979,159.3699028796471
9980,48.50151555463576
9981,118.42728259963269
9982,153.696813022084
9983,104.27218470418471
9984,76.32073917748916
9985,260.98122950149263
9986,584.7893888888889
9987,181.62732688783944
9988,64.91538417733017
9989,102.09208681961314
9990,151.22038369355903
9991,487.0108333333333
9992,172.98753539150906
9993,461.51704086519914
9994,188.92554217801305
9995,163.89388620461034
9996,606.2717720990036
9997,260.94231171945245
9998,197.39091598374208
9999,218.01761620419612
